create table USERS
(
	USERNAME VARCHAR2(20) not null,
	USER_ID NUMBER default "TFUSER19"."ISEQ$$_79725".nextval generated as identity,
	PASSWORD VARCHAR2(300) not null,
	ROLE NUMBER default 0
)
/

create unique index TABLE_NAME_USERID_UINDEX
	on USERS (USER_ID)
/

create unique index TABLE_NAME_USERNAME_UINDEX
	on USERS (USERNAME)
/

alter table USERS
	add constraint TABLE_NAME_PK
		primary key (USER_ID)
/

create table COURSE
(
	COURSE_ID VARCHAR2(20) not null
		primary key,
	NAME VARCHAR2(50),
	CREDIT NUMBER
)
/

create table TEAMS
(
	TEAM_ID NUMBER generated as identity,
	TEAM_NAME VARCHAR2(100) not null,
	CREATED_BY NUMBER
		constraint CREATED_BY
			references USERS
				on delete set null,
	TEAM_CODE VARCHAR2(20) not null,
	TEAM_DESC VARCHAR2(200),
	COURSE_ID VARCHAR2(200)
		constraint TEAMS_COURSE_COURSE_ID_FK
			references COURSE
				on delete cascade
)
/

create unique index TEAMS_TEAM_ID_UINDEX
	on TEAMS (TEAM_ID)
/

create unique index TEAMS_TEAM_CODE_UINDEX
	on TEAMS (TEAM_CODE)
/

alter table TEAMS
	add constraint TEAMS_PK
		primary key (TEAM_ID)
/

create table PARTICIPANT
(
	USER_ID NUMBER not null
		constraint USER_FK
			references USERS
				on delete cascade,
	TEAM_ID NUMBER not null
		constraint TEAM_FK
			references TEAMS
				on delete cascade,
	ROLE VARCHAR2(20),
	constraint PARTICIPANT_PK
		primary key (USER_ID, TEAM_ID)
)
/

create or replace trigger ADD_PARTICIPANT_DELETE_INVITATION
	after insert
	on PARTICIPANT
	for each row
BEGIN
        DELETE FROM INVITATION I WHERE I.USER_ID = :NEW.USER_ID AND I.TEAM_ID = :NEW.TEAM_ID ;
    END;
/

create or replace trigger ASSIGN_PENDING_ASSIGNMENTS_TO_NEW_USER
	after insert
	on PARTICIPANT
	for each row when (NEW.ROLE = 'student')
DECLARE
    BEGIN
        FOR R IN (SELECT * FROM ASSIGNMENTS WHERE TEAM_ID = :NEW.TEAM_ID AND DEADLINE > SYSDATE)
            LOOP
                INSERT INTO ASSIGNED_TO (ASSIGNMENT_ID, STUDENT_ID, SUBMISSION_STATUS, SUBMISSION_FILE, SCORE)
                VALUES (R.ASSIGNMENT_ID, :NEW.USER_ID, 0, null, null);
            END LOOP;
    END ;
/

create or replace trigger DELETE_ASSIGNED_ASSIGNMENTS_OF_LEFT_USER
	after delete
	on PARTICIPANT
	for each row when (OLD.ROLE = 'student')
BEGIN
        DELETE FROM ASSIGNED_TO WHERE STUDENT_ID = :OLD.USER_ID ;
    END;
/

create table DISCUSSION
(
	DISCUSSION_ID NUMBER default "TFUSER19"."ISEQ$$_89360".nextval generated as identity,
	TITLE VARCHAR2(200) not null,
	BODY VARCHAR2(500) default '',
	TEAM_ID NUMBER
		constraint DISCUSSION_TEAMS_TEAM_ID_FK
			references TEAMS
				on delete cascade,
	STATUS NUMBER default 0
)
/

create unique index DISCUSSION_DISCUSSION_ID_UINDEX
	on DISCUSSION (DISCUSSION_ID)
/

alter table DISCUSSION
	add constraint DISCUSSION_PK
		primary key (DISCUSSION_ID)
/

create table MESSAGE
(
	MESSAGE_ID NUMBER default "TFUSER19"."ISEQ$$_89367".nextval generated as identity,
	DISCUSSION_ID NUMBER not null
		constraint DISCUSSION_FK
			references DISCUSSION
				on delete cascade,
	FROM_USER NUMBER not null
		constraint FROM___FK
			references USERS
				on delete cascade,
	CONTENT VARCHAR2(200) not null,
	TIMESTAMP TIMESTAMP(6) default CURRENT_TIMESTAMP not null
)
/

create unique index MESSAGE_MESSAGE_ID_UINDEX
	on MESSAGE (MESSAGE_ID)
/

alter table MESSAGE
	add constraint MESSAGE_PK
		primary key (MESSAGE_ID)
/

create table TEAM_DISCUSSION
(
	TEAM_ID NUMBER not null
		constraint TEAM_DIS_FK
			references TEAMS
				on delete cascade,
	DISCUSSION_ID NUMBER not null
		constraint DISCUSSION___FK
			references DISCUSSION
				on delete cascade,
	constraint TEAM_DISCUSSION_PK
		primary key (TEAM_ID, DISCUSSION_ID)
)
/

create table NOTIFICATION
(
	NOTIFICATION_ID NUMBER default "TFUSER19"."ISEQ$$_91241".nextval generated as identity
		primary key,
	TIMESTAMP TIMESTAMP(6) default CURRENT_TIMESTAMP not null,
	TITLE VARCHAR2(200),
	CONTENT VARCHAR2(500)
)
/

create table NOTIFICATION_RECEIVED_BY_USER
(
	USER_ID NUMBER not null
		constraint NOTIFICATION_RECEIVED_BY_USER_USERS_USERID_FK
			references USERS
				on delete cascade,
	NOTIFICATION_ID NUMBER not null
		constraint NOTIFICATION_RECEIVED_BY_USER_NOTIFICATION_NOTIFICATION_ID_FK
			references NOTIFICATION
				on delete cascade,
	constraint NOTIFICATION_RECEIVED_BY_USER_PK
		primary key (USER_ID, NOTIFICATION_ID)
)
/

create table NOTIFICATION_RECEIVED_BY_TEAM
(
	TEAM_ID NUMBER not null
		constraint NOTIFICATION_RECEIVED_BY_TEAM_TEAMS_TEAM_ID_FK
			references TEAMS
				on delete cascade,
	NOTIFICATION_ID NUMBER not null
		constraint NOTIFICATION_RECEIVED_BY_TEAM_NOTIFICATION_NOTIFICATION_ID_FK
			references NOTIFICATION
				on delete cascade,
	constraint NOTIFICATION_RECEIVED_BY_TEAM_PK
		primary key (TEAM_ID, NOTIFICATION_ID)
)
/

create table ASSIGNMENTS
(
	ASSIGNMENT_ID NUMBER default "TFUSER19"."ISEQ$$_92665".nextval generated as identity,
	ASSIGNMENT_TITLE VARCHAR2(100) not null,
	CREATED_BY NUMBER
		constraint ASSIGNMENTS_USERS_USERID_FK
			references USERS,
	TEAM_ID NUMBER not null
		constraint ASSIGNMENTS_TEAMS_TEAM_ID_FK
			references TEAMS
				on delete cascade,
	DEADLINE DATE,
	FILE_URL VARCHAR2(100),
	CREATED_AT DATE default SYSDATE,
	ASSIGNMENT_DESC VARCHAR2(200)
)
/

create unique index ASSIGNMENTS_ASSIGNMENT_ID_UINDEX
	on ASSIGNMENTS (ASSIGNMENT_ID)
/

alter table ASSIGNMENTS
	add constraint ASSIGNMENTS_PK
		primary key (ASSIGNMENT_ID)
/

create table ASSIGNED_TO
(
	ASSIGNMENT_ID NUMBER not null
		constraint ASSIGNED_TO_ASSIGNMENTS_ASSIGNMENT_ID_FK
			references ASSIGNMENTS
				on delete cascade,
	STUDENT_ID NUMBER not null
		constraint ASSIGNED_TO_USERS_USERID_FK
			references USERS,
	SUBMISSION_STATUS NUMBER,
	SUBMISSION_FILE VARCHAR2(100),
	SCORE NUMBER default null,
	SUBMISSION_TIME DATE,
	constraint ASSIGNED_TO_PK
		primary key (ASSIGNMENT_ID, STUDENT_ID)
)
/

create or replace trigger NOTIFY_WHEN_ASSIGNED
	after insert
	on ASSIGNED_TO
	for each row
DECLARE
    nid              NUMBER := 0;
    notif_title      VARCHAR2(100) := '';
    notif_content    VARCHAR2(500) := '';
    t_name        VARCHAR2(100) := '';
    t_id          NUMBER := 0;
    s_id       NUMBER;
    a_id    NUMBER;
    a_title VARCHAR2(200) := '';
    c_name     VARCHAR2(100) := '';
    c_id       NUMBER := 1;
    d_line         DATE;
BEGIN
    s_id := :NEW.STUDENT_ID;
    a_id := :NEW.ASSIGNMENT_ID;

    SELECT TEAM_ID
    INTO t_id
    FROM ASSIGNMENTS
    WHERE ASSIGNMENT_ID = a_id;

    SELECT TEAM_NAME
    INTO t_name
    FROM TEAMS
    WHERE TEAM_ID = t_id;

    SELECT ASSIGNMENT_TITLE
    INTO a_title
    FROM ASSIGNMENTS
    WHERE ASSIGNMENT_ID = a_id;

    SELECT CREATED_BY
    INTO c_id
    FROM ASSIGNMENTS
    WHERE ASSIGNMENT_ID = a_id;

    SELECT USERNAME
    INTO c_name
    FROM USERS
    WHERE USER_ID = c_id;

    notif_title := 'New assignment on ' || t_name;
    notif_content := 'Database ' || a_title || '<br>' ||
                     'Created by: ' || c_name || '<br>' ||
                     'Deadline: ' || d_line;
    nid := CREATE_USER_NOTIFICATION(:NEW.STUDENT_ID, notif_title, notif_content);
end;
/

create table INVITATION
(
	TEAM_ID NUMBER not null
		constraint INVITATION_TEAMS_TEAM_ID_FK
			references TEAMS
				on delete cascade,
	USER_ID NUMBER not null
		constraint INVITATION_USERS_USERID_FK
			references USERS
				on delete cascade,
	INVITED_BY NUMBER not null
		constraint INVITATION_USERS_USERID_FK_2
			references USERS,
	ROLE VARCHAR2(20) not null,
	constraint INVITATION_PK
		primary key (USER_ID, TEAM_ID)
)
/

create or replace trigger INVITATION_NOTIFICATION
	after insert
	on INVITATION
	for each row
DECLARE
    title   VARCHAR2(100);
    notif_content VARCHAR2(500);
    t_id    NUMBER;
    t_name  VARCHAR2(100);
    u_id    NUMBER;
    u_name  VARCHAR2(100);
    r       VARCHAR2(20);
    i_id    NUMBER;
    i_name  VARCHAR2(100);
    t_code  VARCHAR2(100);
    n_id    NUMBER;
BEGIN
    t_id := :NEW.TEAM_ID;
    SELECT TEAM_NAME INTO t_name FROM TEAMS T WHERE T.TEAM_ID = t_id;
    SELECT TEAM_CODE INTO t_code FROM TEAMS T WHERE T.TEAM_ID = t_id;
    u_id := :NEW.USER_ID;
    SELECT USERNAME INTO u_name FROM USERS U WHERE U.USER_ID = u_id;

    r := :NEW.ROLE;

    i_id := :NEW.INVITED_BY;
    SELECT USERNAME INTO i_name FROM USERS U WHERE U.USER_ID = i_id;

    title := 'Invitation to join ' || t_name;
    notif_content := 'Dear ' || u_name || ', you are invited by ' ||
               i_name || ' to join ' || t_name || ' as ' || r ||
               '.<br>';
    n_id := CREATE_USER_NOTIFICATION(u_id, title, '');
    notif_content := notif_content || '<form action="/teams/join/' || t_code || '/' || n_id || '/accept" method="POST">
    <button class="button is-primary is-small" type="submit">Accept</button>
    <button
        class="button is-danger is-small"
        type="submit"
        formaction="/teams/join/' || t_code || '/' || n_id || '/decline"
    >
        Decline
    </button>
</form>';
    UPDATE NOTIFICATION N SET N.CONTENT = notif_content WHERE N.NOTIFICATION_ID = n_id;
END;
/

create table RESOURCES
(
	RESOURCE_ID NUMBER generated as identity
		constraint RESOURCE_PK
			primary key,
	TEAM_ID NUMBER not null
		constraint RESOURCE_TEAMS_TEAM_ID_FK
			references TEAMS
				on delete cascade,
	TITLE VARCHAR2(200),
	DESCRIPTION VARCHAR2(500),
	FILE_PATH VARCHAR2(200) not null
)
/

create table CHAT
(
	CHAT_ID NUMBER default "TFUSER19"."ISEQ$$_94955".nextval generated as identity
		constraint CHAT_PK
			primary key,
	FROM_USER NUMBER not null
		constraint CHAT_USERS_USER_ID_FK
			references USERS
				on delete cascade,
	TO_USER NUMBER not null
		constraint CHAT_USERS_USER_ID_FK_2
			references USERS
				on delete cascade,
	MESSAGE VARCHAR2(500) not null,
	TIMESTAMP TIMESTAMP(6) default CURRENT_TIMESTAMP,
	FROM_USERNAME VARCHAR2(200),
	TO_USERNAME VARCHAR2(200)
)
/


INSERT INTO TFUSER19.ASSIGNED_TO (ASSIGNMENT_ID, STUDENT_ID, SUBMISSION_STATUS, SUBMISSION_FILE, SCORE, SUBMISSION_TIME) VALUES (361, 101, 1, './uploads/quvi_1645762200547_EEE 269 Class Test 3.pdf', null, TO_DATE('2022-02-25 04:10:00', 'YYYY-MM-DD HH24:MI:SS'));
INSERT INTO TFUSER19.ASSIGNED_TO (ASSIGNMENT_ID, STUDENT_ID, SUBMISSION_STATUS, SUBMISSION_FILE, SCORE, SUBMISSION_TIME) VALUES (361, 121, 1, './uploads/sohaib_1645762234984_graph.png', null, TO_DATE('2022-02-25 04:10:35', 'YYYY-MM-DD HH24:MI:SS'));
INSERT INTO TFUSER19.ASSIGNED_TO (ASSIGNMENT_ID, STUDENT_ID, SUBMISSION_STATUS, SUBMISSION_FILE, SCORE, SUBMISSION_TIME) VALUES (363, 243, 1, './uploads/Eric_1645793770817_eric_submission.zip', 19, TO_DATE('2022-02-25 12:56:10', 'YYYY-MM-DD HH24:MI:SS'));
INSERT INTO TFUSER19.ASSIGNED_TO (ASSIGNMENT_ID, STUDENT_ID, SUBMISSION_STATUS, SUBMISSION_FILE, SCORE, SUBMISSION_TIME) VALUES (363, 244, 1, './uploads/Victor_1645793997264_victor_submission.zip', 20, TO_DATE('2022-02-25 12:59:56', 'YYYY-MM-DD HH24:MI:SS'));
INSERT INTO TFUSER19.ASSIGNED_TO (ASSIGNMENT_ID, STUDENT_ID, SUBMISSION_STATUS, SUBMISSION_FILE, SCORE, SUBMISSION_TIME) VALUES (341, 223, 1, './uploads/Rayhaan_1645728914476_eleven chem1.jpg', 19, TO_DATE('2022-02-24 18:55:15', 'YYYY-MM-DD HH24:MI:SS'));
INSERT INTO TFUSER19.ASSIGNED_TO (ASSIGNMENT_ID, STUDENT_ID, SUBMISSION_STATUS, SUBMISSION_FILE, SCORE, SUBMISSION_TIME) VALUES (341, 224, 1, './uploads/Saawmya_1645729717460_eleven math xxx2.jpg', 19, TO_DATE('2022-02-24 19:08:38', 'YYYY-MM-DD HH24:MI:SS'));

INSERT INTO TFUSER19.ASSIGNMENTS (ASSIGNMENT_ID, ASSIGNMENT_TITLE, CREATED_BY, TEAM_ID, DEADLINE, FILE_URL, CREATED_AT, ASSIGNMENT_DESC) VALUES (361, 'Offine 8', 1, 183, TO_DATE('2022-02-28 10:30:00', 'YYYY-MM-DD HH24:MI:SS'), null, TO_DATE('2022-02-25 04:09:37', 'YYYY-MM-DD HH24:MI:SS'), 'Redblack tree');
INSERT INTO TFUSER19.ASSIGNMENTS (ASSIGNMENT_ID, ASSIGNMENT_TITLE, CREATED_BY, TEAM_ID, DEADLINE, FILE_URL, CREATED_AT, ASSIGNMENT_DESC) VALUES (341, 'Multi-threading Offline.', 221, 241, TO_DATE('2022-02-28 00:41:00', 'YYYY-MM-DD HH24:MI:SS'), './uploads/Rifaat_1645728141479_cat.png', TO_DATE('2022-02-24 18:42:22', 'YYYY-MM-DD HH24:MI:SS'), 'Solve the attached problem using multi-threading.');
INSERT INTO TFUSER19.ASSIGNMENTS (ASSIGNMENT_ID, ASSIGNMENT_TITLE, CREATED_BY, TEAM_ID, DEADLINE, FILE_URL, CREATED_AT, ASSIGNMENT_DESC) VALUES (363, 'Multi-Threading Offline', 242, 261, TO_DATE('2022-03-02 23:59:00', 'YYYY-MM-DD HH24:MI:SS'), './uploads/Pavel_1645793674892_sample_code.zip', TO_DATE('2022-02-25 12:54:34', 'YYYY-MM-DD HH24:MI:SS'), 'You have to solve the given problem using multithreading. Download the attached file.');
INSERT INTO TFUSER19.ASSIGNMENTS (ASSIGNMENT_ID, ASSIGNMENT_TITLE, CREATED_BY, TEAM_ID, DEADLINE, FILE_URL, CREATED_AT, ASSIGNMENT_DESC) VALUES (325, 'Make Compiler', 1, 181, TO_DATE('2022-02-28 14:35:00', 'YYYY-MM-DD HH24:MI:SS'), null, TO_DATE('2022-02-23 08:35:05', 'YYYY-MM-DD HH24:MI:SS'), 'Make a cute compiler that compiles Java and C++ both');
INSERT INTO TFUSER19.ASSIGNMENTS (ASSIGNMENT_ID, ASSIGNMENT_TITLE, CREATED_BY, TEAM_ID, DEADLINE, FILE_URL, CREATED_AT, ASSIGNMENT_DESC) VALUES (305, 'PL/SQL Online Assignment', 1, 161, TO_DATE('2022-02-26 16:42:00', 'YYYY-MM-DD HH24:MI:SS'), null, TO_DATE('2022-02-23 05:45:50', 'YYYY-MM-DD HH24:MI:SS'), 'Use NodeJS and OracleDB');
INSERT INTO TFUSER19.ASSIGNMENTS (ASSIGNMENT_ID, ASSIGNMENT_TITLE, CREATED_BY, TEAM_ID, DEADLINE, FILE_URL, CREATED_AT, ASSIGNMENT_DESC) VALUES (301, 'AVL Trea', 1, 182, TO_DATE('2022-02-27 20:30:00', 'YYYY-MM-DD HH24:MI:SS'), './uploads/quvi_1645605190721_graph.png', TO_DATE('2022-02-23 04:39:01', 'YYYY-MM-DD HH24:MI:SS'), 'Check the uploaded file');

INSERT INTO TFUSER19.CHAT (CHAT_ID, FROM_USER, TO_USER, MESSAGE, TIMESTAMP, FROM_USERNAME, TO_USERNAME) VALUES (46, 1, 121, 'cool. ki banaili?', TO_TIMESTAMP('2022-02-23 14:31:37.570308', 'YYYY-MM-DD HH24:MI:SS.FF6'), 'musa', 'sohaib');
INSERT INTO TFUSER19.CHAT (CHAT_ID, FROM_USER, TO_USER, MESSAGE, TIMESTAMP, FROM_USERNAME, TO_USERNAME) VALUES (48, 1, 101, 'Taratari project koro.', TO_TIMESTAMP('2022-02-23 14:32:13.898404', 'YYYY-MM-DD HH24:MI:SS.FF6'), 'musa', 'quvi');
INSERT INTO TFUSER19.CHAT (CHAT_ID, FROM_USER, TO_USER, MESSAGE, TIMESTAMP, FROM_USERNAME, TO_USERNAME) VALUES (44, 1, 121, 'eito bhalo asi tor ki obostha?', TO_TIMESTAMP('2022-02-23 14:31:06.612158', 'YYYY-MM-DD HH24:MI:SS.FF6'), 'musa', 'sohaib');
INSERT INTO TFUSER19.CHAT (CHAT_ID, FROM_USER, TO_USER, MESSAGE, TIMESTAMP, FROM_USERNAME, TO_USERNAME) VALUES (45, 121, 1, 'amio asi konorokom. DB Project shesh finally :)', TO_TIMESTAMP('2022-02-23 14:31:29.201828', 'YYYY-MM-DD HH24:MI:SS.FF6'), 'sohaib', 'musa');
INSERT INTO TFUSER19.CHAT (CHAT_ID, FROM_USER, TO_USER, MESSAGE, TIMESTAMP, FROM_USERNAME, TO_USERNAME) VALUES (47, 121, 1, 'Teams and Moodle er combined version ;)', TO_TIMESTAMP('2022-02-23 14:31:49.095177', 'YYYY-MM-DD HH24:MI:SS.FF6'), 'sohaib', 'musa');
INSERT INTO TFUSER19.CHAT (CHAT_ID, FROM_USER, TO_USER, MESSAGE, TIMESTAMP, FROM_USERNAME, TO_USERNAME) VALUES (43, 121, 1, 'Ki obostha tor?', TO_TIMESTAMP('2022-02-23 14:30:52.329624', 'YYYY-MM-DD HH24:MI:SS.FF6'), 'sohaib', 'musa');
INSERT INTO TFUSER19.CHAT (CHAT_ID, FROM_USER, TO_USER, MESSAGE, TIMESTAMP, FROM_USERNAME, TO_USERNAME) VALUES (51, 101, 181, 'Hi Aroma dearest.', TO_TIMESTAMP('2022-02-23 18:23:08.808745', 'YYYY-MM-DD HH24:MI:SS.FF6'), 'quvi', 'aroma');
INSERT INTO TFUSER19.CHAT (CHAT_ID, FROM_USER, TO_USER, MESSAGE, TIMESTAMP, FROM_USERNAME, TO_USERNAME) VALUES (50, 181, 101, 'Hey baby', TO_TIMESTAMP('2022-02-23 18:21:37.364897', 'YYYY-MM-DD HH24:MI:SS.FF6'), 'aroma', 'quvi');
INSERT INTO TFUSER19.CHAT (CHAT_ID, FROM_USER, TO_USER, MESSAGE, TIMESTAMP, FROM_USERNAME, TO_USERNAME) VALUES (49, 121, 101, 'hello', TO_TIMESTAMP('2022-02-23 16:15:19.899983', 'YYYY-MM-DD HH24:MI:SS.FF6'), 'sohaib', 'quvi');

INSERT INTO TFUSER19.COURSE (COURSE_ID, NAME, CREDIT) VALUES ('CSE101', 'Structured Programming Language', 3);
INSERT INTO TFUSER19.COURSE (COURSE_ID, NAME, CREDIT) VALUES ('CSE102', 'Structured Programming Language Sessional', 1.5);
INSERT INTO TFUSER19.COURSE (COURSE_ID, NAME, CREDIT) VALUES ('CSE103', 'Discrete Mathematics', 3);
INSERT INTO TFUSER19.COURSE (COURSE_ID, NAME, CREDIT) VALUES ('CSE107', 'Object Oriented Programming Language', 3);
INSERT INTO TFUSER19.COURSE (COURSE_ID, NAME, CREDIT) VALUES ('CSE108', 'Object Oriented Programming Language Sessional', 1.5);
INSERT INTO TFUSER19.COURSE (COURSE_ID, NAME, CREDIT) VALUES ('CSE203', 'Data Structures and Algorithms I', 3);
INSERT INTO TFUSER19.COURSE (COURSE_ID, NAME, CREDIT) VALUES ('CSE204', 'Data Structures and Algorithms I Sessional', 1.5);
INSERT INTO TFUSER19.COURSE (COURSE_ID, NAME, CREDIT) VALUES ('CSE205', 'Digital Logic Design', 3);
INSERT INTO TFUSER19.COURSE (COURSE_ID, NAME, CREDIT) VALUES ('CSE206', 'Digital Logic Design Sessional', 1.5);
INSERT INTO TFUSER19.COURSE (COURSE_ID, NAME, CREDIT) VALUES ('CSE207', 'Data Structured and Algorithms II', 3);
INSERT INTO TFUSER19.COURSE (COURSE_ID, NAME, CREDIT) VALUES ('CSE208', 'Data Structured and Algorithms II Sessional', 1.5);
INSERT INTO TFUSER19.COURSE (COURSE_ID, NAME, CREDIT) VALUES ('CSE218', 'Numerical Methods', 2);
INSERT INTO TFUSER19.COURSE (COURSE_ID, NAME, CREDIT) VALUES ('CSE211', 'Theory of Computation', 3);
INSERT INTO TFUSER19.COURSE (COURSE_ID, NAME, CREDIT) VALUES ('CSE215', 'Database', 3);
INSERT INTO TFUSER19.COURSE (COURSE_ID, NAME, CREDIT) VALUES ('CSE216', 'Database Sessional', 1.5);

INSERT INTO TFUSER19.DISCUSSION (DISCUSSION_ID, TITLE, BODY, TEAM_ID, STATUS) VALUES (61, 'GENERAL', 'General Discussion', 181, 1);
INSERT INTO TFUSER19.DISCUSSION (DISCUSSION_ID, TITLE, BODY, TEAM_ID, STATUS) VALUES (62, 'GENERAL', 'General Discussion', 182, 1);
INSERT INTO TFUSER19.DISCUSSION (DISCUSSION_ID, TITLE, BODY, TEAM_ID, STATUS) VALUES (63, 'GENERAL', 'General Discussion', 183, 1);
INSERT INTO TFUSER19.DISCUSSION (DISCUSSION_ID, TITLE, BODY, TEAM_ID, STATUS) VALUES (181, 'GENERAL', 'General Discussion', 241, 1);
INSERT INTO TFUSER19.DISCUSSION (DISCUSSION_ID, TITLE, BODY, TEAM_ID, STATUS) VALUES (23, 'GENERAL', 'General Discussion', 143, 1);
INSERT INTO TFUSER19.DISCUSSION (DISCUSSION_ID, TITLE, BODY, TEAM_ID, STATUS) VALUES (41, 'GENERAL', 'General Discussion', 161, 1);
INSERT INTO TFUSER19.DISCUSSION (DISCUSSION_ID, TITLE, BODY, TEAM_ID, STATUS) VALUES (145, 'PL/SQL Triggers', 'Let''s discuss about your queries', 161, 0);
INSERT INTO TFUSER19.DISCUSSION (DISCUSSION_ID, TITLE, BODY, TEAM_ID, STATUS) VALUES (182, 'About TCP Sockets', 'Here we will discuss about issues of TCP sockets in Java.', 241, 0);
INSERT INTO TFUSER19.DISCUSSION (DISCUSSION_ID, TITLE, BODY, TEAM_ID, STATUS) VALUES (201, 'GENERAL', 'General Discussion', 261, 1);
INSERT INTO TFUSER19.DISCUSSION (DISCUSSION_ID, TITLE, BODY, TEAM_ID, STATUS) VALUES (146, 'GENERAL', 'General Discussion', 201, 1);
INSERT INTO TFUSER19.DISCUSSION (DISCUSSION_ID, TITLE, BODY, TEAM_ID, STATUS) VALUES (161, 'GENERAL', 'General Discussion', 221, 1);


INSERT INTO TFUSER19.MESSAGE (MESSAGE_ID, DISCUSSION_ID, FROM_USER, CONTENT, TIMESTAMP) VALUES (151, 63, 1, 'Feel Free to Email me. ', TO_TIMESTAMP('2022-02-21 22:02:15.910265', 'YYYY-MM-DD HH24:MI:SS.FF6'));
INSERT INTO TFUSER19.MESSAGE (MESSAGE_ID, DISCUSSION_ID, FROM_USER, CONTENT, TIMESTAMP) VALUES (81, 23, 1, 'hello', TO_TIMESTAMP('2022-02-19 18:04:29.835838', 'YYYY-MM-DD HH24:MI:SS.FF6'));
INSERT INTO TFUSER19.MESSAGE (MESSAGE_ID, DISCUSSION_ID, FROM_USER, CONTENT, TIMESTAMP) VALUES (242, 182, 224, 'I don''t know either.', TO_TIMESTAMP('2022-02-25 01:57:27.071376', 'YYYY-MM-DD HH24:MI:SS.FF6'));
INSERT INTO TFUSER19.MESSAGE (MESSAGE_ID, DISCUSSION_ID, FROM_USER, CONTENT, TIMESTAMP) VALUES (150, 63, 1, 'If you guys have any questions. You can ask here.', TO_TIMESTAMP('2022-02-21 21:50:19.290384', 'YYYY-MM-DD HH24:MI:SS.FF6'));
INSERT INTO TFUSER19.MESSAGE (MESSAGE_ID, DISCUSSION_ID, FROM_USER, CONTENT, TIMESTAMP) VALUES (141, 61, 121, 'hey', TO_TIMESTAMP('2022-02-21 17:22:51.209443', 'YYYY-MM-DD HH24:MI:SS.FF6'));
INSERT INTO TFUSER19.MESSAGE (MESSAGE_ID, DISCUSSION_ID, FROM_USER, CONTENT, TIMESTAMP) VALUES (185, 41, 121, 'hello', TO_TIMESTAMP('2022-02-23 00:05:56.765188', 'YYYY-MM-DD HH24:MI:SS.FF6'));
INSERT INTO TFUSER19.MESSAGE (MESSAGE_ID, DISCUSSION_ID, FROM_USER, CONTENT, TIMESTAMP) VALUES (201, 41, 1, 'hey', TO_TIMESTAMP('2022-02-23 12:56:16.576626', 'YYYY-MM-DD HH24:MI:SS.FF6'));
INSERT INTO TFUSER19.MESSAGE (MESSAGE_ID, DISCUSSION_ID, FROM_USER, CONTENT, TIMESTAMP) VALUES (41, 23, 1, 'New Message', TO_TIMESTAMP('2022-02-17 17:26:39.835091', 'YYYY-MM-DD HH24:MI:SS.FF6'));
INSERT INTO TFUSER19.MESSAGE (MESSAGE_ID, DISCUSSION_ID, FROM_USER, CONTENT, TIMESTAMP) VALUES (161, 63, 1, 'Yes You can', TO_TIMESTAMP('2022-02-22 17:14:09.568598', 'YYYY-MM-DD HH24:MI:SS.FF6'));
INSERT INTO TFUSER19.MESSAGE (MESSAGE_ID, DISCUSSION_ID, FROM_USER, CONTENT, TIMESTAMP) VALUES (43, 23, 81, 'Hi, There abcd!', TO_TIMESTAMP('2022-02-17 23:46:36.763427', 'YYYY-MM-DD HH24:MI:SS.FF6'));
INSERT INTO TFUSER19.MESSAGE (MESSAGE_ID, DISCUSSION_ID, FROM_USER, CONTENT, TIMESTAMP) VALUES (45, 23, 1, 'Yes. I am Here?', TO_TIMESTAMP('2022-02-17 23:48:31.211226', 'YYYY-MM-DD HH24:MI:SS.FF6'));
INSERT INTO TFUSER19.MESSAGE (MESSAGE_ID, DISCUSSION_ID, FROM_USER, CONTENT, TIMESTAMP) VALUES (82, 23, 1, 'hello', TO_TIMESTAMP('2022-02-19 18:04:38.213172', 'YYYY-MM-DD HH24:MI:SS.FF6'));
INSERT INTO TFUSER19.MESSAGE (MESSAGE_ID, DISCUSSION_ID, FROM_USER, CONTENT, TIMESTAMP) VALUES (83, 41, 1, 'Hello', TO_TIMESTAMP('2022-02-19 18:05:59.035735', 'YYYY-MM-DD HH24:MI:SS.FF6'));
INSERT INTO TFUSER19.MESSAGE (MESSAGE_ID, DISCUSSION_ID, FROM_USER, CONTENT, TIMESTAMP) VALUES (206, 62, 1, 'kire beta', TO_TIMESTAMP('2022-02-23 13:31:50.955063', 'YYYY-MM-DD HH24:MI:SS.FF6'));
INSERT INTO TFUSER19.MESSAGE (MESSAGE_ID, DISCUSSION_ID, FROM_USER, CONTENT, TIMESTAMP) VALUES (202, 41, 1, 'sup?', TO_TIMESTAMP('2022-02-23 12:56:19.732054', 'YYYY-MM-DD HH24:MI:SS.FF6'));
INSERT INTO TFUSER19.MESSAGE (MESSAGE_ID, DISCUSSION_ID, FROM_USER, CONTENT, TIMESTAMP) VALUES (205, 62, 1, 'hello', TO_TIMESTAMP('2022-02-23 13:31:45.023104', 'YYYY-MM-DD HH24:MI:SS.FF6'));
INSERT INTO TFUSER19.MESSAGE (MESSAGE_ID, DISCUSSION_ID, FROM_USER, CONTENT, TIMESTAMP) VALUES (207, 41, 1, 'hey man', TO_TIMESTAMP('2022-02-23 16:13:09.416459', 'YYYY-MM-DD HH24:MI:SS.FF6'));
INSERT INTO TFUSER19.MESSAGE (MESSAGE_ID, DISCUSSION_ID, FROM_USER, CONTENT, TIMESTAMP) VALUES (209, 146, 181, 'Hi', TO_TIMESTAMP('2022-02-23 18:18:56.140948', 'YYYY-MM-DD HH24:MI:SS.FF6'));
INSERT INTO TFUSER19.MESSAGE (MESSAGE_ID, DISCUSSION_ID, FROM_USER, CONTENT, TIMESTAMP) VALUES (210, 146, 181, 'ki obostha?', TO_TIMESTAMP('2022-02-23 18:19:09.661894', 'YYYY-MM-DD HH24:MI:SS.FF6'));
INSERT INTO TFUSER19.MESSAGE (MESSAGE_ID, DISCUSSION_ID, FROM_USER, CONTENT, TIMESTAMP) VALUES (241, 182, 223, 'How to send data using TCP sockets?', TO_TIMESTAMP('2022-02-25 01:57:10.468514', 'YYYY-MM-DD HH24:MI:SS.FF6'));
INSERT INTO TFUSER19.MESSAGE (MESSAGE_ID, DISCUSSION_ID, FROM_USER, CONTENT, TIMESTAMP) VALUES (243, 182, 221, 'You will learn this in the laboratory.', TO_TIMESTAMP('2022-02-25 01:58:20.815610', 'YYYY-MM-DD HH24:MI:SS.FF6'));
INSERT INTO TFUSER19.MESSAGE (MESSAGE_ID, DISCUSSION_ID, FROM_USER, CONTENT, TIMESTAMP) VALUES (204, 62, 1, 'hey', TO_TIMESTAMP('2022-02-23 13:31:40.343092', 'YYYY-MM-DD HH24:MI:SS.FF6'));
INSERT INTO TFUSER19.MESSAGE (MESSAGE_ID, DISCUSSION_ID, FROM_USER, CONTENT, TIMESTAMP) VALUES (42, 23, 1, 'Hello', TO_TIMESTAMP('2022-02-17 23:45:40.796983', 'YYYY-MM-DD HH24:MI:SS.FF6'));
INSERT INTO TFUSER19.MESSAGE (MESSAGE_ID, DISCUSSION_ID, FROM_USER, CONTENT, TIMESTAMP) VALUES (44, 23, 81, 'Are you there ?', TO_TIMESTAMP('2022-02-17 23:47:56.051261', 'YYYY-MM-DD HH24:MI:SS.FF6'));
INSERT INTO TFUSER19.MESSAGE (MESSAGE_ID, DISCUSSION_ID, FROM_USER, CONTENT, TIMESTAMP) VALUES (61, 23, 1, 'Simple Yet Good', TO_TIMESTAMP('2022-02-18 17:40:34.344399', 'YYYY-MM-DD HH24:MI:SS.FF6'));
INSERT INTO TFUSER19.MESSAGE (MESSAGE_ID, DISCUSSION_ID, FROM_USER, CONTENT, TIMESTAMP) VALUES (121, 41, 101, 'sohaib', TO_TIMESTAMP('2022-02-21 12:14:18.492089', 'YYYY-MM-DD HH24:MI:SS.FF6'));
INSERT INTO TFUSER19.MESSAGE (MESSAGE_ID, DISCUSSION_ID, FROM_USER, CONTENT, TIMESTAMP) VALUES (142, 61, 1, 'ki obostha?', TO_TIMESTAMP('2022-02-21 17:23:12.385447', 'YYYY-MM-DD HH24:MI:SS.FF6'));
INSERT INTO TFUSER19.MESSAGE (MESSAGE_ID, DISCUSSION_ID, FROM_USER, CONTENT, TIMESTAMP) VALUES (145, 41, 1, 'New One', TO_TIMESTAMP('2022-02-21 19:44:07.790363', 'YYYY-MM-DD HH24:MI:SS.FF6'));
INSERT INTO TFUSER19.MESSAGE (MESSAGE_ID, DISCUSSION_ID, FROM_USER, CONTENT, TIMESTAMP) VALUES (146, 41, 1, 'Cool News', TO_TIMESTAMP('2022-02-21 19:45:52.197419', 'YYYY-MM-DD HH24:MI:SS.FF6'));
INSERT INTO TFUSER19.MESSAGE (MESSAGE_ID, DISCUSSION_ID, FROM_USER, CONTENT, TIMESTAMP) VALUES (152, 63, 121, 'Can we get A+ on this course ?', TO_TIMESTAMP('2022-02-21 22:11:16.659182', 'YYYY-MM-DD HH24:MI:SS.FF6'));
INSERT INTO TFUSER19.MESSAGE (MESSAGE_ID, DISCUSSION_ID, FROM_USER, CONTENT, TIMESTAMP) VALUES (208, 146, 121, 'Hey', TO_TIMESTAMP('2022-02-23 18:18:49.936777', 'YYYY-MM-DD HH24:MI:SS.FF6'));

INSERT INTO TFUSER19.NOTIFICATION (NOTIFICATION_ID, TIMESTAMP, TITLE, CONTENT) VALUES (449, TO_TIMESTAMP('2022-02-25 00:42:22.664768', 'YYYY-MM-DD HH24:MI:SS.FF6'), 'New assignment on CSE 107 (Fall 2020)', 'Database Multi-threading Offline.<br>Created by: Rifaat<br>Deadline: ');
INSERT INTO TFUSER19.NOTIFICATION (NOTIFICATION_ID, TIMESTAMP, TITLE, CONTENT) VALUES (450, TO_TIMESTAMP('2022-02-25 00:42:22.665564', 'YYYY-MM-DD HH24:MI:SS.FF6'), 'New assignment on CSE 107 (Fall 2020)', 'Database Multi-threading Offline.<br>Created by: Rifaat<br>Deadline: ');
INSERT INTO TFUSER19.NOTIFICATION (NOTIFICATION_ID, TIMESTAMP, TITLE, CONTENT) VALUES (452, TO_TIMESTAMP('2022-02-25 00:46:22.885262', 'YYYY-MM-DD HH24:MI:SS.FF6'), 'New assignment on CSE 107 (Fall 2020)', 'Database Socket Networking Offline<br>Created by: Tahmiid<br>Deadline: ');
INSERT INTO TFUSER19.NOTIFICATION (NOTIFICATION_ID, TIMESTAMP, TITLE, CONTENT) VALUES (451, TO_TIMESTAMP('2022-02-25 00:46:22.884250', 'YYYY-MM-DD HH24:MI:SS.FF6'), 'New assignment on CSE 107 (Fall 2020)', 'Database Socket Networking Offline<br>Created by: Tahmiid<br>Deadline: ');
INSERT INTO TFUSER19.NOTIFICATION (NOTIFICATION_ID, TIMESTAMP, TITLE, CONTENT) VALUES (453, TO_TIMESTAMP('2022-02-25 00:49:25.286104', 'YYYY-MM-DD HH24:MI:SS.FF6'), 'New assignment on CSE 107 (Fall 2020)', 'Database Socket Networking Offline<br>Created by: Tahmiid<br>Deadline: ');
INSERT INTO TFUSER19.NOTIFICATION (NOTIFICATION_ID, TIMESTAMP, TITLE, CONTENT) VALUES (454, TO_TIMESTAMP('2022-02-25 00:49:25.286941', 'YYYY-MM-DD HH24:MI:SS.FF6'), 'New assignment on CSE 107 (Fall 2020)', 'Database Multi-threading Offline.<br>Created by: Rifaat<br>Deadline: ');
INSERT INTO TFUSER19.NOTIFICATION (NOTIFICATION_ID, TIMESTAMP, TITLE, CONTENT) VALUES (491, TO_TIMESTAMP('2022-02-25 18:58:11.092087', 'YYYY-MM-DD HH24:MI:SS.FF6'), 'New assignment on CSE 107 (Spring 2020)', 'Database Multi-Threading Offline<br>Created by: Pavel<br>Deadline: ');
INSERT INTO TFUSER19.NOTIFICATION (NOTIFICATION_ID, TIMESTAMP, TITLE, CONTENT) VALUES (481, TO_TIMESTAMP('2022-02-25 10:09:38.014473', 'YYYY-MM-DD HH24:MI:SS.FF6'), 'New assignment on CSE 216 (Fall 2021)', 'Database Offine 8<br>Created by: musa<br>Deadline: ');
INSERT INTO TFUSER19.NOTIFICATION (NOTIFICATION_ID, TIMESTAMP, TITLE, CONTENT) VALUES (482, TO_TIMESTAMP('2022-02-25 10:09:38.081846', 'YYYY-MM-DD HH24:MI:SS.FF6'), 'New assignment on CSE 216 (Fall 2021)', 'Database Offine 8<br>Created by: musa<br>Deadline: ');
INSERT INTO TFUSER19.NOTIFICATION (NOTIFICATION_ID, TIMESTAMP, TITLE, CONTENT) VALUES (490, TO_TIMESTAMP('2022-02-25 18:54:34.311548', 'YYYY-MM-DD HH24:MI:SS.FF6'), 'New assignment on CSE 107 (Spring 2020)', 'Database Multi-Threading Offline<br>Created by: Pavel<br>Deadline: ');
INSERT INTO TFUSER19.NOTIFICATION (NOTIFICATION_ID, TIMESTAMP, TITLE, CONTENT) VALUES (492, TO_TIMESTAMP('2022-02-25 18:58:11.092995', 'YYYY-MM-DD HH24:MI:SS.FF6'), 'New assignment on CSE 107 (Spring 2020)', 'Database Networking Sockets Offline<br>Created by: Tim<br>Deadline: ');
INSERT INTO TFUSER19.NOTIFICATION (NOTIFICATION_ID, TIMESTAMP, TITLE, CONTENT) VALUES (307, TO_TIMESTAMP('2022-02-22 17:34:27.615620', 'YYYY-MM-DD HH24:MI:SS.FF6'), 'New assignment on CSE 208 (Fall 2021)', 'Database Demo<br>Created by: abcd<br>Deadline: ');
INSERT INTO TFUSER19.NOTIFICATION (NOTIFICATION_ID, TIMESTAMP, TITLE, CONTENT) VALUES (403, TO_TIMESTAMP('2022-02-23 13:02:37.461557', 'YYYY-MM-DD HH24:MI:SS.FF6'), 'Invitation to join CSE 215 (Fall 2021)', 'Dear user1, you are invited by abcd to join CSE 215 (Fall 2021) as student.<br><form action="/teams/join/7cd6e84dddbd/403/accept" method="POST">
    <button class="button is-primary is-small" type="submit">Accept</button>
    <button
        class="button is-danger is-small"
        type="submit"
        formaction="/teams/join/7cd6e84dddbd/403/decline"
    >
        Decline
    </button>
</form>');
INSERT INTO TFUSER19.NOTIFICATION (NOTIFICATION_ID, TIMESTAMP, TITLE, CONTENT) VALUES (398, TO_TIMESTAMP('2022-02-23 11:20:01.671084', 'YYYY-MM-DD HH24:MI:SS.FF6'), 'Invitation to join CSE 216 (Fall 2021)', 'Dear user1, you are invited by abcd to join CSE 216 (Fall 2021) as student.<br><form action="/teams/join/f077def35601/398/accept" method="POST">
    <button class="button is-primary is-small" type="submit">Accept</button>
    <button
        class="button is-danger is-small"
        type="submit"
        formaction="/teams/join/f077def35601/398/decline"
    >
        Decline
    </button>
</form>');
INSERT INTO TFUSER19.NOTIFICATION (NOTIFICATION_ID, TIMESTAMP, TITLE, CONTENT) VALUES (426, TO_TIMESTAMP('2022-02-23 18:11:33.502753', 'YYYY-MM-DD HH24:MI:SS.FF6'), 'New assignment on DSA101', 'Database AVL Trees<br>Created by: aroma<br>Deadline: ');
INSERT INTO TFUSER19.NOTIFICATION (NOTIFICATION_ID, TIMESTAMP, TITLE, CONTENT) VALUES (41, TO_TIMESTAMP('2022-02-17 11:38:03.869983', 'YYYY-MM-DD HH24:MI:SS.FF6'), 'New Notification', 'AVL Tree');
INSERT INTO TFUSER19.NOTIFICATION (NOTIFICATION_ID, TIMESTAMP, TITLE, CONTENT) VALUES (61, TO_TIMESTAMP('2022-02-18 17:45:03.350753', 'YYYY-MM-DD HH24:MI:SS.FF6'), 'Offline 2', 'No details. Just do it.');
INSERT INTO TFUSER19.NOTIFICATION (NOTIFICATION_ID, TIMESTAMP, TITLE, CONTENT) VALUES (455, TO_TIMESTAMP('2022-02-25 01:07:30.704417', 'YYYY-MM-DD HH24:MI:SS.FF6'), 'New assignment on CSE 107 (Fall 2020)', 'Database Socket Networking Offline<br>Created by: Tahmiid<br>Deadline: ');
INSERT INTO TFUSER19.NOTIFICATION (NOTIFICATION_ID, TIMESTAMP, TITLE, CONTENT) VALUES (456, TO_TIMESTAMP('2022-02-25 01:07:30.714868', 'YYYY-MM-DD HH24:MI:SS.FF6'), 'New assignment on CSE 107 (Fall 2020)', 'Database Multi-threading Offline.<br>Created by: Rifaat<br>Deadline: ');
INSERT INTO TFUSER19.NOTIFICATION (NOTIFICATION_ID, TIMESTAMP, TITLE, CONTENT) VALUES (411, TO_TIMESTAMP('2022-02-23 14:35:05.775315', 'YYYY-MM-DD HH24:MI:SS.FF6'), 'New assignment on CSE 209 (Fall 2021)', 'Database Make Compiler<br>Created by: musa<br>Deadline: ');
INSERT INTO TFUSER19.NOTIFICATION (NOTIFICATION_ID, TIMESTAMP, TITLE, CONTENT) VALUES (428, TO_TIMESTAMP('2022-02-23 18:20:58.430041', 'YYYY-MM-DD HH24:MI:SS.FF6'), 'You have an online today', 'Join the Meeting Link sharp at 3 PM');
INSERT INTO TFUSER19.NOTIFICATION (NOTIFICATION_ID, TIMESTAMP, TITLE, CONTENT) VALUES (419, TO_TIMESTAMP('2022-02-23 16:43:11.524252', 'YYYY-MM-DD HH24:MI:SS.FF6'), 'Project Submission', 'Submit your project today sharp at 03:00 PM!');
INSERT INTO TFUSER19.NOTIFICATION (NOTIFICATION_ID, TIMESTAMP, TITLE, CONTENT) VALUES (26, TO_TIMESTAMP('2022-02-16 22:31:28.778352', 'YYYY-MM-DD HH24:MI:SS.FF6'), 'New Notification', 'Offline has been distributed');
INSERT INTO TFUSER19.NOTIFICATION (NOTIFICATION_ID, TIMESTAMP, TITLE, CONTENT) VALUES (458, TO_TIMESTAMP('2022-02-25 01:48:45.611930', 'YYYY-MM-DD HH24:MI:SS.FF6'), 'Check Multi-threading Slide and Sample Codes', 'Multi-threading Slide and Sample codes have been uploaded in the <a href="http://localhost:3000/resource/acc657271822">"Resources"</a> section. Please check those before attempting the offline assignment.');
INSERT INTO TFUSER19.NOTIFICATION (NOTIFICATION_ID, TIMESTAMP, TITLE, CONTENT) VALUES (242, TO_TIMESTAMP('2022-02-21 21:49:00.607788', 'YYYY-MM-DD HH24:MI:SS.FF6'), 'Hi. ', 'Welcome to CSE 216');
INSERT INTO TFUSER19.NOTIFICATION (NOTIFICATION_ID, TIMESTAMP, TITLE, CONTENT) VALUES (488, TO_TIMESTAMP('2022-02-25 18:49:34.681988', 'YYYY-MM-DD HH24:MI:SS.FF6'), 'Check Multi-threading Slide and Sample Codes', 'Multi-threading Slide and Sample codes have been uploaded in the "Resources" section. Please check those before attempting the offline assignment.');
INSERT INTO TFUSER19.NOTIFICATION (NOTIFICATION_ID, TIMESTAMP, TITLE, CONTENT) VALUES (489, TO_TIMESTAMP('2022-02-25 18:53:02.583061', 'YYYY-MM-DD HH24:MI:SS.FF6'), 'New assignment on CSE 107 (Spring 2020)', 'Database Networking Sockets Offline<br>Created by: Tim<br>Deadline: ');
INSERT INTO TFUSER19.NOTIFICATION (NOTIFICATION_ID, TIMESTAMP, TITLE, CONTENT) VALUES (404, TO_TIMESTAMP('2022-02-23 13:26:05.932472', 'YYYY-MM-DD HH24:MI:SS.FF6'), 'Invitation to join CSE 103 (Spring 2021)', 'Dear 1, you are invited by abcd to join CSE 103 (Spring 2021) as student.<br><form action="/teams/join/4e8353b0426b/404/accept" method="POST">
    <button class="button is-primary is-small" type="submit">Accept</button>
    <button
        class="button is-danger is-small"
        type="submit"
        formaction="/teams/join/4e8353b0426b/404/decline"
    >
        Decline
    </button>
</form>');
INSERT INTO TFUSER19.NOTIFICATION (NOTIFICATION_ID, TIMESTAMP, TITLE, CONTENT) VALUES (384, TO_TIMESTAMP('2022-02-23 09:45:28.254127', 'YYYY-MM-DD HH24:MI:SS.FF6'), 'Project Submission Today!', 'Please be ready with your teammates at 3.00 pm');
INSERT INTO TFUSER19.NOTIFICATION (NOTIFICATION_ID, TIMESTAMP, TITLE, CONTENT) VALUES (425, TO_TIMESTAMP('2022-02-23 18:09:15.157574', 'YYYY-MM-DD HH24:MI:SS.FF6'), 'New assignment on DSA101', 'Database AVL Trees<br>Created by: aroma<br>Deadline: ');
INSERT INTO TFUSER19.NOTIFICATION (NOTIFICATION_ID, TIMESTAMP, TITLE, CONTENT) VALUES (405, TO_TIMESTAMP('2022-02-23 13:32:16.553870', 'YYYY-MM-DD HH24:MI:SS.FF6'), 'Hello Everybody', 'How are you?');
INSERT INTO TFUSER19.NOTIFICATION (NOTIFICATION_ID, TIMESTAMP, TITLE, CONTENT) VALUES (361, TO_TIMESTAMP('2022-02-23 04:03:30.997223', 'YYYY-MM-DD HH24:MI:SS.FF6'), 'Super Test', '<img src="https://www.w3schools.com/html/pic_trulli.jpg">');


INSERT INTO TFUSER19.NOTIFICATION_RECEIVED_BY_TEAM (TEAM_ID, NOTIFICATION_ID) VALUES (143, 61);
INSERT INTO TFUSER19.NOTIFICATION_RECEIVED_BY_TEAM (TEAM_ID, NOTIFICATION_ID) VALUES (161, 419);
INSERT INTO TFUSER19.NOTIFICATION_RECEIVED_BY_TEAM (TEAM_ID, NOTIFICATION_ID) VALUES (181, 361);
INSERT INTO TFUSER19.NOTIFICATION_RECEIVED_BY_TEAM (TEAM_ID, NOTIFICATION_ID) VALUES (182, 384);
INSERT INTO TFUSER19.NOTIFICATION_RECEIVED_BY_TEAM (TEAM_ID, NOTIFICATION_ID) VALUES (182, 405);
INSERT INTO TFUSER19.NOTIFICATION_RECEIVED_BY_TEAM (TEAM_ID, NOTIFICATION_ID) VALUES (183, 242);
INSERT INTO TFUSER19.NOTIFICATION_RECEIVED_BY_TEAM (TEAM_ID, NOTIFICATION_ID) VALUES (201, 428);
INSERT INTO TFUSER19.NOTIFICATION_RECEIVED_BY_TEAM (TEAM_ID, NOTIFICATION_ID) VALUES (241, 458);
INSERT INTO TFUSER19.NOTIFICATION_RECEIVED_BY_TEAM (TEAM_ID, NOTIFICATION_ID) VALUES (261, 488);

INSERT INTO TFUSER19.NOTIFICATION_RECEIVED_BY_USER (USER_ID, NOTIFICATION_ID) VALUES (2, 398);
INSERT INTO TFUSER19.NOTIFICATION_RECEIVED_BY_USER (USER_ID, NOTIFICATION_ID) VALUES (2, 403);
INSERT INTO TFUSER19.NOTIFICATION_RECEIVED_BY_USER (USER_ID, NOTIFICATION_ID) VALUES (81, 307);
INSERT INTO TFUSER19.NOTIFICATION_RECEIVED_BY_USER (USER_ID, NOTIFICATION_ID) VALUES (81, 404);
INSERT INTO TFUSER19.NOTIFICATION_RECEIVED_BY_USER (USER_ID, NOTIFICATION_ID) VALUES (101, 411);
INSERT INTO TFUSER19.NOTIFICATION_RECEIVED_BY_USER (USER_ID, NOTIFICATION_ID) VALUES (101, 425);
INSERT INTO TFUSER19.NOTIFICATION_RECEIVED_BY_USER (USER_ID, NOTIFICATION_ID) VALUES (101, 426);
INSERT INTO TFUSER19.NOTIFICATION_RECEIVED_BY_USER (USER_ID, NOTIFICATION_ID) VALUES (101, 481);
INSERT INTO TFUSER19.NOTIFICATION_RECEIVED_BY_USER (USER_ID, NOTIFICATION_ID) VALUES (121, 482);
INSERT INTO TFUSER19.NOTIFICATION_RECEIVED_BY_USER (USER_ID, NOTIFICATION_ID) VALUES (223, 449);
INSERT INTO TFUSER19.NOTIFICATION_RECEIVED_BY_USER (USER_ID, NOTIFICATION_ID) VALUES (223, 451);
INSERT INTO TFUSER19.NOTIFICATION_RECEIVED_BY_USER (USER_ID, NOTIFICATION_ID) VALUES (223, 453);
INSERT INTO TFUSER19.NOTIFICATION_RECEIVED_BY_USER (USER_ID, NOTIFICATION_ID) VALUES (223, 454);
INSERT INTO TFUSER19.NOTIFICATION_RECEIVED_BY_USER (USER_ID, NOTIFICATION_ID) VALUES (224, 450);
INSERT INTO TFUSER19.NOTIFICATION_RECEIVED_BY_USER (USER_ID, NOTIFICATION_ID) VALUES (224, 452);
INSERT INTO TFUSER19.NOTIFICATION_RECEIVED_BY_USER (USER_ID, NOTIFICATION_ID) VALUES (224, 455);
INSERT INTO TFUSER19.NOTIFICATION_RECEIVED_BY_USER (USER_ID, NOTIFICATION_ID) VALUES (224, 456);
INSERT INTO TFUSER19.NOTIFICATION_RECEIVED_BY_USER (USER_ID, NOTIFICATION_ID) VALUES (243, 489);
INSERT INTO TFUSER19.NOTIFICATION_RECEIVED_BY_USER (USER_ID, NOTIFICATION_ID) VALUES (243, 490);
INSERT INTO TFUSER19.NOTIFICATION_RECEIVED_BY_USER (USER_ID, NOTIFICATION_ID) VALUES (244, 491);
INSERT INTO TFUSER19.NOTIFICATION_RECEIVED_BY_USER (USER_ID, NOTIFICATION_ID) VALUES (244, 492);

INSERT INTO TFUSER19.PARTICIPANT (USER_ID, TEAM_ID, ROLE) VALUES (101, 143, 'student');
INSERT INTO TFUSER19.PARTICIPANT (USER_ID, TEAM_ID, ROLE) VALUES (222, 241, 'instructor');
INSERT INTO TFUSER19.PARTICIPANT (USER_ID, TEAM_ID, ROLE) VALUES (121, 183, 'student');
INSERT INTO TFUSER19.PARTICIPANT (USER_ID, TEAM_ID, ROLE) VALUES (221, 241, 'admin');
INSERT INTO TFUSER19.PARTICIPANT (USER_ID, TEAM_ID, ROLE) VALUES (1, 181, 'admin');
INSERT INTO TFUSER19.PARTICIPANT (USER_ID, TEAM_ID, ROLE) VALUES (1, 182, 'admin');
INSERT INTO TFUSER19.PARTICIPANT (USER_ID, TEAM_ID, ROLE) VALUES (1, 183, 'admin');
INSERT INTO TFUSER19.PARTICIPANT (USER_ID, TEAM_ID, ROLE) VALUES (101, 183, 'student');
INSERT INTO TFUSER19.PARTICIPANT (USER_ID, TEAM_ID, ROLE) VALUES (223, 241, 'student');
INSERT INTO TFUSER19.PARTICIPANT (USER_ID, TEAM_ID, ROLE) VALUES (244, 261, 'student');
INSERT INTO TFUSER19.PARTICIPANT (USER_ID, TEAM_ID, ROLE) VALUES (1, 143, 'admin');
INSERT INTO TFUSER19.PARTICIPANT (USER_ID, TEAM_ID, ROLE) VALUES (101, 181, 'student');
INSERT INTO TFUSER19.PARTICIPANT (USER_ID, TEAM_ID, ROLE) VALUES (224, 241, 'student');
INSERT INTO TFUSER19.PARTICIPANT (USER_ID, TEAM_ID, ROLE) VALUES (101, 182, 'instructor');
INSERT INTO TFUSER19.PARTICIPANT (USER_ID, TEAM_ID, ROLE) VALUES (1, 161, 'admin');
INSERT INTO TFUSER19.PARTICIPANT (USER_ID, TEAM_ID, ROLE) VALUES (241, 261, 'admin');
INSERT INTO TFUSER19.PARTICIPANT (USER_ID, TEAM_ID, ROLE) VALUES (242, 261, 'instructor');
INSERT INTO TFUSER19.PARTICIPANT (USER_ID, TEAM_ID, ROLE) VALUES (243, 261, 'student');
INSERT INTO TFUSER19.PARTICIPANT (USER_ID, TEAM_ID, ROLE) VALUES (121, 181, 'student');
INSERT INTO TFUSER19.PARTICIPANT (USER_ID, TEAM_ID, ROLE) VALUES (121, 182, 'student');
INSERT INTO TFUSER19.PARTICIPANT (USER_ID, TEAM_ID, ROLE) VALUES (1, 201, 'admin');
INSERT INTO TFUSER19.PARTICIPANT (USER_ID, TEAM_ID, ROLE) VALUES (121, 161, 'student');
INSERT INTO TFUSER19.PARTICIPANT (USER_ID, TEAM_ID, ROLE) VALUES (121, 201, 'student');
INSERT INTO TFUSER19.PARTICIPANT (USER_ID, TEAM_ID, ROLE) VALUES (161, 221, 'student');
INSERT INTO TFUSER19.PARTICIPANT (USER_ID, TEAM_ID, ROLE) VALUES (202, 221, 'admin');


INSERT INTO TFUSER19.RESOURCES (RESOURCE_ID, TEAM_ID, TITLE, DESCRIPTION, FILE_PATH) VALUES (61, 241, 'Java Multi-Threading Slides and Sample Codes', 'See the attached file for theory slides and sample code on Java Multi-threading.', './uploads/Tahmiid_1645731343721_cses graph.txt');
INSERT INTO TFUSER19.RESOURCES (RESOURCE_ID, TEAM_ID, TITLE, DESCRIPTION, FILE_PATH) VALUES (82, 261, 'Java Multi-Threading Slides and Sample Codes', 'See the attached file for theory slides and sample code on Java Multi-threading.', './uploads/Pavel_1645793315059_Java Multi-Threading.zip');
INSERT INTO TFUSER19.RESOURCES (RESOURCE_ID, TEAM_ID, TITLE, DESCRIPTION, FILE_PATH) VALUES (42, 161, 'My YouTube Channel', 'youtube', './uploads/musa_1645611251888_eleven chem1.jpg');
INSERT INTO TFUSER19.RESOURCES (RESOURCE_ID, TEAM_ID, TITLE, DESCRIPTION, FILE_PATH) VALUES (43, 201, 'AVL Tree Slide', 'Check out the slide for AVL Tree Theory', './uploads/aroma_1645618650451_remaining tasks.txt');

INSERT INTO TFUSER19.TEAMS (TEAM_ID, TEAM_NAME, CREATED_BY, TEAM_CODE, TEAM_DESC, COURSE_ID) VALUES (183, 'CSE 216 (Fall 2021)', 1, 'f077def35601', 'Database Sessional, Fall 2021', 'CSE216');
INSERT INTO TFUSER19.TEAMS (TEAM_ID, TEAM_NAME, CREATED_BY, TEAM_CODE, TEAM_DESC, COURSE_ID) VALUES (181, 'CSE 209 (Fall 2021)', 1, '6c0cc873c03e', 'Compiler, Fall 2021', 'CSE203');
INSERT INTO TFUSER19.TEAMS (TEAM_ID, TEAM_NAME, CREATED_BY, TEAM_CODE, TEAM_DESC, COURSE_ID) VALUES (182, 'CSE 103 (Spring 2021)', 1, '4e8353b0426b', 'Object Oriented Programming, Spring 2021', 'CSE103');
INSERT INTO TFUSER19.TEAMS (TEAM_ID, TEAM_NAME, CREATED_BY, TEAM_CODE, TEAM_DESC, COURSE_ID) VALUES (241, 'CSE 107 (Fall 2020)', 221, 'acc657271822', 'Object Oriented Programming Language, Fall 2020', 'CSE107');
INSERT INTO TFUSER19.TEAMS (TEAM_ID, TEAM_NAME, CREATED_BY, TEAM_CODE, TEAM_DESC, COURSE_ID) VALUES (143, 'CSE 208 (Fall 2021)', 1, 'cae9522472b3', 'Data Structures and Algorithms II Sessional, Fall 2021', 'CSE208');
INSERT INTO TFUSER19.TEAMS (TEAM_ID, TEAM_NAME, CREATED_BY, TEAM_CODE, TEAM_DESC, COURSE_ID) VALUES (261, 'CSE 107 (Spring 2020)', 241, 'bc7d07d47e52', 'Object Oriented Programming Language, Spring 2020', 'CSE107');
INSERT INTO TFUSER19.TEAMS (TEAM_ID, TEAM_NAME, CREATED_BY, TEAM_CODE, TEAM_DESC, COURSE_ID) VALUES (161, 'CSE 215 (Fall 2021)', 1, '7cd6e84dddbd', 'Database, Fall 2021', 'CSE215');
INSERT INTO TFUSER19.TEAMS (TEAM_ID, TEAM_NAME, CREATED_BY, TEAM_CODE, TEAM_DESC, COURSE_ID) VALUES (201, 'DSA101', 1, '567c4e5d8b6b', 'DSA for kids', 'CSE203');
INSERT INTO TFUSER19.TEAMS (TEAM_ID, TEAM_NAME, CREATED_BY, TEAM_CODE, TEAM_DESC, COURSE_ID) VALUES (221, 'MATH', 202, 'ea2fc5202b70', 'Math for Kids', 'CSE101');

INSERT INTO TFUSER19.USERS (USERNAME, USER_ID, PASSWORD, ROLE) VALUES ('1', 81, '4a2098983a2121f1:7823d8c86078764f3c800e3e4943ece3cecf48eecd355d08d9ce5f5f7cd22860261887761a28b29ea7ef888e8296f1c0c86887fba916d2f5faf645d3dc9bd29f', 1);
INSERT INTO TFUSER19.USERS (USERNAME, USER_ID, PASSWORD, ROLE) VALUES ('Rayhaan', 223, 'ad266da64b3b2cc2:fb4d5aed609d887ac3d58290d08179032042279dd281bc53cd5326d6be561bae714eda5a484a08a91824dd7ad37ede2ab483487e15d82d5399efcc3be2b19d6a', 1);
INSERT INTO TFUSER19.USERS (USERNAME, USER_ID, PASSWORD, ROLE) VALUES ('Rifaat', 221, '011a8aaa90167d8c:4bfb4dca3458687a074f601e9ea920a5f80da4d81404ee3bd29deb90a6845d8b7ac94429320ef1af3931f53e72da17f997f6962314a9598027083272878e22f7', 0);
INSERT INTO TFUSER19.USERS (USERNAME, USER_ID, PASSWORD, ROLE) VALUES ('Tahmiid', 222, '25897b60b593b634:2ad6e7242055a0a7e388250509ea348657adbed813496b60e7e98145b01418f3452d2bfb8502589af8c60e3e64200a1dcb2ca4b0d72279d0be9be7e376a1ebd3', 1);
INSERT INTO TFUSER19.USERS (USERNAME, USER_ID, PASSWORD, ROLE) VALUES ('Saawmya', 224, '3b1fee0aba154112:fa4e5afea3a96479a93ea08687ad1beb904a396b23b24daa15b4f25679d602e90a223dbd2d3bc41e37ed41091bad2ff9c532210f88a5062ffb54f9cf64a73ea7', 1);
INSERT INTO TFUSER19.USERS (USERNAME, USER_ID, PASSWORD, ROLE) VALUES ('musa', 1, 'f50691d6189df385:260316efd2d586eb0e05c046d00505726c3e9de61fa0c624bd73984648b122d7892e0a4621f956e52b5df49f04b394a40d83b24469c57ded22d4e0da792675b4', 0);
INSERT INTO TFUSER19.USERS (USERNAME, USER_ID, PASSWORD, ROLE) VALUES ('123', 61, '345', 1);
INSERT INTO TFUSER19.USERS (USERNAME, USER_ID, PASSWORD, ROLE) VALUES ('1234', 63, '345', 0);
INSERT INTO TFUSER19.USERS (USERNAME, USER_ID, PASSWORD, ROLE) VALUES ('quvi', 101, 'fd3a2222eb5e63d7:df6c791bb56998ddab95e6f1c0d72f5d9c820552cdd56eb8a09e0866561fb5646841cc226094e0b30e13877be7eb260f74420f2816ca015e63c9c15b4a65aaac', 1);
INSERT INTO TFUSER19.USERS (USERNAME, USER_ID, PASSWORD, ROLE) VALUES ('user3', 21, 'e04375a9cfabffce:5bfa31fa8a4532d7f4e92b59b35dcb0982523df5e2e00baa86afb17bce02cbc8cacacc30bd1b95f2d086681f5db5eb9ec8354d8c2bc47781722fbc752b6f1249', 0);
INSERT INTO TFUSER19.USERS (USERNAME, USER_ID, PASSWORD, ROLE) VALUES ('newUser', 64, 'e71bf6393cf323f4:e429e9eaecc84985df025cfa28848e0616f172d1671f9317bf1987c64d5907c8aac3c75f86196cd3e8200652140f2147032794dc37b076a3c31c55d6c2825fd9', 1);
INSERT INTO TFUSER19.USERS (USERNAME, USER_ID, PASSWORD, ROLE) VALUES ('user10', 65, 'f8aa42db6e9ec724:56d487eeaa33a3a7fa9ad211908c57f9e5e62abeb3397bdf5d5da258028580fa0d147d64e5da7f572a2ced7262202cc25bfe0299bd13adb3b8ad75372c86bbeb', 1);
INSERT INTO TFUSER19.USERS (USERNAME, USER_ID, PASSWORD, ROLE) VALUES ('1805026', 66, 'd3c32404952ae8ff:65008184ed0748836662fbe316b85e06a41457b2a8c3a4733e7364b1598c51a915795fde1be47820e3ee433e440f8eddd2e1c763d66421a05d859a17c41dbc88', 0);
INSERT INTO TFUSER19.USERS (USERNAME, USER_ID, PASSWORD, ROLE) VALUES ('sohaib', 121, 'cdad81e78a579f2d:46677f6d310ca06b5acae8f0db9382cf7e3d286e5e6c22297cf8864f3f498b01baa2accbdc74b5ec3a7e614e10f79054870c37774300804202e69f52060f418f', 1);
INSERT INTO TFUSER19.USERS (USERNAME, USER_ID, PASSWORD, ROLE) VALUES ('rafi', 161, 'bad96d9135732fda:78e660077cb7d23b2c677985020353e197054403637744ffa2398a99205ec3139d657c9ff8526bae992f8b108de8c0718e975acaeb53f00d868182ae7ee88880', 0);
INSERT INTO TFUSER19.USERS (USERNAME, USER_ID, PASSWORD, ROLE) VALUES ('Tim', 241, 'a32d5c24df31b13e:8f72825a5bdc8d1fda0b1cbec8204005634c76d47d94b1c7fd980df5b69c68417a9f139b8fee1ab72ebd47a8f33572af60658c4e2ac472250f276ba2aa71fac0', 0);
INSERT INTO TFUSER19.USERS (USERNAME, USER_ID, PASSWORD, ROLE) VALUES ('Pavel', 242, '4342c1b39446a7b6:9a39c12c9c4657a13cf8ed6bbf74965e689013aaff4217c8c79854f6d22a22b471c175e9425f0cb05140a52e8910f2b4852defd02db98f7c5f43649bc253513e', 1);
INSERT INTO TFUSER19.USERS (USERNAME, USER_ID, PASSWORD, ROLE) VALUES ('Eric', 243, '4edf5483db2f1c8a:ae3f621258631e41522296e4f5fa923754d072438e13f6bb5f50dc338a2ad7afbc38b6ccd128fcbec9c4c6c250dde985efdd28e8b08eb42bb06def305c502cb9', 1);
INSERT INTO TFUSER19.USERS (USERNAME, USER_ID, PASSWORD, ROLE) VALUES ('Victor', 244, '25ac1eafd30b282e:5a9eb2315739800e038950491bcb146f634908200b22c0f65186efbde7aa47e3bf7edadf87204be95480ee1e2cabecf8980f01b00254a535d773598ba774c529', 1);
INSERT INTO TFUSER19.USERS (USERNAME, USER_ID, PASSWORD, ROLE) VALUES ('user1', 2, '37c32514c5ec07c7:65d27be45290902950621b37bc496d2b1ff6f37abf8a77f0f906139ed33a02f461b2875638db99041782d8bd6cd54242ff4a8bbc045c7cc8a993b2a173890417', 0);
INSERT INTO TFUSER19.USERS (USERNAME, USER_ID, PASSWORD, ROLE) VALUES ('test', 41, '93a856bc45cb6d72:4255a8208894624c90ee5eb7026ef20d8c0838915494772c9df09f7994d48651a3d68fc00d3382d37b2c7f710a1e3e2d2e27ddb384abf3ac08f7113c6b720407', 0);
INSERT INTO TFUSER19.USERS (USERNAME, USER_ID, PASSWORD, ROLE) VALUES ('aroma', 181, '46ac6dd59c93ba58:dd016c1bb83631cc5fed9e4fa2365db51496664585c736c91f06ad611f237006c6629f5d40a7458eba36be7c311c6483094318631cb5f97b70127812a8b4319b', 1);
INSERT INTO TFUSER19.USERS (USERNAME, USER_ID, PASSWORD, ROLE) VALUES ('ahsan_habib', 201, 'fd0bf168daabea36:573c498459952923900328d394b03e6d1ed3cc8842bd6de4aa9e411b1883f2afe860d63021abf56eccc9322133337b2d2c02f9a5131a3a9de7525582bbec37d1', 1);
INSERT INTO TFUSER19.USERS (USERNAME, USER_ID, PASSWORD, ROLE) VALUES ('ahsan.habib', 202, '90eec7b50a778a1a:4a98d5c86641552091c07119507c4229b966aa4cece149b9760e37db1bb8771229acd25a85db5d272a0b84be0488c1bd774dcdeafacc079d7ad6bc3000cc5bbb', 0);

